,event_id,student_id,timestamp,event_type,skill_id,question_id,difficulty,correct,response_time_ms,attempt_number,meta,session_id
409,E_01beec8a19e8481c9dddc72900793eee,U_b5d35848,1768100636.5265,start,__session__,__session__,0,,,,,S_82185ed0
410,E_81294d6c07b74547899f155f94febfc2,U_b5d35848,1768100756.6152616,solve,S04_LIN_EXPR,Q_LIN_EXPR_DISTR_E1_37c78717,1,1,23441,1,"{""generated_params"":{""a"":4,""b"":-6,""x"":6},""template_id"":""LIN_EXPR_DISTR_E1""}",S_82185ed0
411,E_b446ac11406042508d8904a9be812ab6,U_b5d35848,1768100765.1097121,solve,S04_LIN_EXPR,Q_LIN_EXPR_DISTR_E1_a54be021,1,1,8443,1,"{""generated_params"":{""a"":-2,""b"":4,""x"":4},""template_id"":""LIN_EXPR_DISTR_E1""}",S_82185ed0
412,E_2de04797e6854afc8d6d67003d89e62b,U_b5d35848,1768100776.8182228,solve,S04_LIN_EXPR,Q_LIN_EXPR_COMB_M2_98d00b75,2,1,11570,1,"{""generated_params"":{""a"":6,""b"":7,""c"":10,""x"":-1},""template_id"":""LIN_EXPR_COMB_M2""}",S_82185ed0
413,E_9ab25531f6694df9ab2d558bcb912e2f,U_b5d35848,1768100781.752572,solve,S01_ARITH,Q_ARITH_OOO_E1_ebfbb11b,1,1,4835,1,"{""generated_params"":{""a"":4,""b"":9,""c"":2},""template_id"":""ARITH_OOO_E1""}",S_82185ed0
414,E_b1d1590d85ff47f59fc43942b04522f4,U_b5d35848,1768100818.5452175,solve,S01_ARITH,Q_ARITH_OOO_E1_1ba5953d,1,1,36726,1,"{""generated_params"":{""a"":2,""b"":-7,""c"":6},""template_id"":""ARITH_OOO_E1""}",S_82185ed0
415,E_1be328faf6be4502a4438bb15d0da736,U_b5d35848,1768100823.1709008,solve,S01_ARITH,Q_ARITH_PAREN_M2_9c6e5440,2,0,4469,1,"{""generated_params"":{""a"":-6,""b"":7,""c"":8},""template_id"":""ARITH_PAREN_M2""}",S_82185ed0
416,E_4f195721be2b406e92476aed998497de,U_b5d35848,1768100828.523253,solve,S02_FRAC,Q_FRAC_ADD_E1_e4965495,1,1,5300,1,"{""generated_params"":{""a"":3,""b"":3,""c"":8,""d"":8},""template_id"":""FRAC_ADD_E1""}",S_82185ed0
417,E_3cfb30d693854e6fb93f8a87b1fb5494,U_b5d35848,1768100843.6885178,solve,S02_FRAC,Q_FRAC_ADD_E1_2f59076e,1,1,15110,1,"{""generated_params"":{""a"":2,""b"":4,""c"":8,""d"":5},""template_id"":""FRAC_ADD_E1""}",S_82185ed0
418,E_5bc818297e4e4b768ff1f27a2ed215e6,U_b5d35848,1768100856.6359584,solve,S02_FRAC,Q_RATIO_FIND_X_M2_8587f6ba,2,0,12906,1,"{""generated_params"":{""a"":4,""b"":7,""c"":2},""template_id"":""RATIO_FIND_X_M2""}",S_82185ed0
419,E_cc43d789f8a34e11aa2d6348d2bb0043,U_b5d35848,1768100864.0506363,solve,S03_EXP,Q_EXP_POW_E1_6d595f9f,1,1,7383,1,"{""generated_params"":{""a"":4,""n"":4},""template_id"":""EXP_POW_E1""}",S_82185ed0
420,E_1406af2cf8eb41b5a5ffbefbefa6d66a,U_b5d35848,1768100895.4204156,solve,S10_QUAD_EXPR,Q_QUAD_FACT_E1_36e3dfb0,1,0,14584,1,"{""generated_params"":{""b"":-10,""c"":-13},""template_id"":""QUAD_FACT_E1""}",S_82185ed0
421,E_6175ee30273942faa796061eacb4647c,U_b5d35848,1768100899.9461727,solve,S10_QUAD_EXPR,Q_QUAD_FACT_E1_ea8dd85e,1,1,4484,1,"{""generated_params"":{""b"":-3,""c"":14},""template_id"":""QUAD_FACT_E1""}",S_82185ed0
422,E_a96580a96a7d4f34ad0ed6c446543cb6,U_b5d35848,1768100916.109633,solve,S10_QUAD_EXPR,Q_QUAD_FACT_E1_20be71d9,1,1,16115,1,"{""generated_params"":{""b"":8,""c"":7},""template_id"":""QUAD_FACT_E1""}",S_82185ed0
423,E_cd3f3a64e20a45e6be8ede5b0ece49be,U_b5d35848,1768100924.7658427,solve,S10_QUAD_EXPR,Q_QUAD_FACT_E1_57b4e06c,1,1,8610,1,"{""generated_params"":{""b"":5,""c"":16},""template_id"":""QUAD_FACT_E1""}",S_82185ed0
424,E_0ff0bcfe3e314ab3b14ecffcab6921d7,U_b5d35848,1768100931.1028554,end,__session__,__session__,0,,,,,S_82185ed0
425,E_43437d249975421ca76c2cd19365e81e,U_b5d35848,1768101260.35605,start,__session__,__session__,0,,,,,S_091b8d47
426,E_2c0999267d5f4ccbb1f31e019a148eb8,U_b5d35848,1768102380.2388325,start,__session__,__session__,0,,,,,S_d11c448a
427,E_8a8fcaa4aca2467d9995c6c29657ee6c,U_b5d35848,1768102391.6477387,solve,S10_QUAD_EXPR,Q_QUAD_FACT_E1_d40c6b8e,1,1,4875,1,"{""generated_params"":{""b"":3,""c"":-2},""template_id"":""QUAD_FACT_E1""}",S_d11c448a
428,E_b022636d30524b2fa052d442ece2077a,U_b5d35848,1768102395.2021382,end,__session__,__session__,0,,,,,S_d11c448a
429,E_e1beb050afa64fa1bdabe895f68a0c53,U_b5d35848,1768142824.6218626,start,__session__,__session__,0,,,,,S_9a1d639a
430,E_c297b46519ef41b88e06f5ba45170763,U_b5d35848,1768142882.7362041,solve,S10_QUAD_EXPR,Q_QUAD_FACT_E1_d840193b,1,1,10256,1,"{""generated_params"":{""b"":1,""c"":-15},""template_id"":""QUAD_FACT_E1""}",S_9a1d639a
431,E_af1d04b101094fd4a7beba5c0f7bbecb,U_b5d35848,1768142891.870556,solve,S10_QUAD_EXPR,Q_QUAD_FACT_E1_bbd796d2,1,1,9092,1,"{""generated_params"":{""b"":-1,""c"":-11},""template_id"":""QUAD_FACT_E1""}",S_9a1d639a
432,E_c72e6f8e812b483fa5f14299253a4c7d,U_b5d35848,1768142900.9012334,solve,S10_QUAD_EXPR,Q_QUAD_EXPAND_M2_5f49f61d,2,1,8988,1,"{""generated_params"":{""p"":8,""q"":6,""x"":-1},""template_id"":""QUAD_EXPAND_M2""}",S_9a1d639a
433,E_d4725b88f29341c8b041a638c732d71d,U_b5d35848,1768142907.1667848,solve,S01_ARITH,Q_ARITH_OOO_E1_ec417cd6,1,1,6221,1,"{""generated_params"":{""a"":-3,""b"":6,""c"":8},""template_id"":""ARITH_OOO_E1""}",S_9a1d639a
434,E_29617b2211f44b84a916bb5553a4c00b,U_b5d35848,1768142915.0435553,solve,S01_ARITH,Q_ARITH_OOO_E1_5d8073ac,1,1,7836,1,"{""generated_params"":{""a"":-7,""b"":-9,""c"":-9},""template_id"":""ARITH_OOO_E1""}",S_9a1d639a
435,E_bbbd8591bc2242609010cce7d2c948c6,U_b5d35848,1768142983.7707503,hint,S01_ARITH,Q_ARITH_PAREN_M2_0ca29f3c,2,,,,"{""hint"":""Try breaking the problem into smaller steps.""}",S_9a1d639a
436,E_202347985f5c43cfa9539851f00b71e8,U_b5d35848,1768142986.264249,explanation,S01_ARITH,Q_ARITH_PAREN_M2_0ca29f3c,2,,,,"{""explanation"":""Think about the rule being applied and work step-by-step.""}",S_9a1d639a
437,E_b762635a055a4725a352233a477a1bc3,U_b5d35848,1768142992.5508714,solve,S01_ARITH,Q_ARITH_PAREN_M2_0ca29f3c,2,1,77458,1,"{""generated_params"":{""a"":-9,""b"":4,""c"":-5},""template_id"":""ARITH_PAREN_M2""}",S_9a1d639a
438,E_7c2695d133694c2884d12442cef55cb5,U_b5d35848,1768143021.8840709,solve,S02_FRAC,Q_FRAC_ADD_E1_9676fd4b,1,1,29287,1,"{""generated_params"":{""a"":1,""b"":3,""c"":3,""d"":2},""template_id"":""FRAC_ADD_E1""}",S_9a1d639a
439,E_ea0b890b51bd4ae7aec0a86f5ee86ae5,U_b5d35848,1768143027.129441,solve,S02_FRAC,Q_FRAC_ADD_E1_9a3aac71,1,1,5200,1,"{""generated_params"":{""a"":5,""b"":7,""c"":4,""d"":2},""template_id"":""FRAC_ADD_E1""}",S_9a1d639a
440,E_5e7bc1a85c4347b5a53adc898c5a587f,U_b5d35848,1768143032.2302787,solve,S02_FRAC,Q_RATIO_FIND_X_M2_77d279ed,2,0,5053,1,"{""generated_params"":{""a"":1,""b"":4,""c"":10},""template_id"":""RATIO_FIND_X_M2""}",S_9a1d639a
441,E_a7d2d35d58e6469a9c8f939be8054c03,U_b5d35848,1768143035.8846161,end,__session__,__session__,0,,,,,S_9a1d639a
442,E_7886414be68d48048c2e164095f2e0d6,U_b5d35848,1768189586.0033307,start,__session__,__session__,0,,,,,S_16ede122
443,E_eda596642924496c89f2ec95f853742f,U_b5d35848,1768422732.1265967,start,__session__,__session__,0,,,,,S_7aa590ac
444,E_0f61e238c00a49b8bf8bf11f21aaf574,U_b5d35848,1768422740.5562925,end,__session__,__session__,0,,,,,S_7aa590ac
445,E_bc741bf8875a4ec99a910148d015834c,U_b5d35848,1768422740.5894349,start,__session__,__session__,0,,,,,S_e82d534e
446,E_eacedf3a477d41858678bce2a76d4754,U_b5d35848,1768422768.0405803,solve,S01_ARITH,Q_ARITH_OOO_E1_509b45c2,1,1,18072,1,"{""generated_params"":{""a"":4,""b"":-3,""c"":7},""template_id"":""ARITH_OOO_E1""}",S_e82d534e
447,E_ac71a9652a774ff69e2d7e75b29a58d2,U_b5d35848,1768422780.1174755,solve,S01_ARITH,Q_ARITH_OOO_E1_4d75f8e2,1,1,12034,1,"{""generated_params"":{""a"":2,""b"":5,""c"":-9},""template_id"":""ARITH_OOO_E1""}",S_e82d534e
448,E_e7ca8a34545849bc98d225340126a67d,U_b5d35848,1768422790.979328,solve,S01_ARITH,Q_ARITH_OOO_E1_32248e57,1,1,10818,1,"{""generated_params"":{""a"":2,""b"":5,""c"":-3},""template_id"":""ARITH_OOO_E1""}",S_e82d534e
449,E_322cd8325d5647d9b0dc76dcfd182ef4,U_b5d35848,1768422795.9588895,solve,S01_ARITH,Q_ARITH_OOO_E1_f79b2820,1,0,4942,1,"{""generated_params"":{""a"":2,""b"":-6,""c"":-7},""template_id"":""ARITH_OOO_E1""}",S_e82d534e
450,E_3001b04f7d994745986c4413ec3e7cae,U_b5d35848,1768422799.0814025,solve,S01_ARITH,Q_ARITH_OOO_E1_4e84a071,1,1,3078,1,"{""generated_params"":{""a"":-5,""b"":4,""c"":3},""template_id"":""ARITH_OOO_E1""}",S_e82d534e
